my_rowid,current_status,timestamp_created,threshold,interpreter_class,interpreter_class2,interpreter_certainty,interpreter_certainty2,interpreter_class_id,interpreter_class2_id,certainty_threshold
1,deleted,2022-01-21 18:36:14.641374,2000,ambience,footsteps,94,5,0,1,50
2,evaluated,2022-01-21 18:36:16.283137,2000,ambience,footsteps,99,0,0,1,50
3,deleted,2022-01-21 18:36:34.802451,2000,ambience,footsteps,98,1,0,1,50
4,deleted,2022-01-21 18:36:38.350026,2000,ambience,footsteps,99,0,0,1,50
5,deleted,2022-01-21 18:36:41.948719,2000,ambience,footsteps,99,0,0,1,50
6,deleted,2022-01-21 18:36:45.522280,2000,ambience,footsteps,99,0,0,1,50
7,evaluated,2022-01-21 18:36:49.119356,2000,ambience,footsteps,99,0,0,1,50
8,evaluated,2022-01-21 18:36:52.642979,2000,ambience,footsteps,99,0,0,1,50
9,evaluated,2022-01-21 18:36:56.167020,2000,ambience,footsteps,99,0,0,1,50
10,evaluated,2022-01-21 18:36:59.691165,2000,ambience,footsteps,99,0,0,1,50
11,evaluated,2022-01-21 18:37:03.237967,2000,ambience,footsteps,99,0,0,1,50
12,evaluated,2022-01-21 18:37:06.811126,2000,ambience,footsteps,99,0,0,1,50
13,deleted,2022-01-21 18:37:10.332322,2000,ambience,footsteps,99,0,0,1,50
14,evaluated,2022-01-21 18:37:13.858557,2000,ambience,footsteps,99,0,0,1,50
15,evaluated,2022-01-21 18:37:17.432561,2000,ambience,footsteps,99,0,0,1,50
16,evaluated,2022-01-21 18:37:21.131524,2000,ambience,footsteps,99,0,0,1,50
17,evaluated,2022-01-21 18:37:24.729127,2000,ambience,footsteps,99,0,0,1,50
18,evaluated,2022-01-21 18:37:28.253529,2000,ambience,footsteps,99,0,0,1,50
19,evaluated,2022-01-21 18:37:31.824366,2000,ambience,footsteps,99,0,0,1,50
20,evaluated,2022-01-21 18:37:35.348709,2000,ambience,footsteps,99,0,0,1,50
21,evaluated,2022-01-21 18:37:38.897335,2000,ambience,footsteps,99,0,0,1,50
22,evaluated,2022-01-21 18:37:42.421787,2000,ambience,footsteps,99,0,0,1,50
23,evaluated,2022-01-21 18:37:45.944761,2000,ambience,footsteps,99,0,0,1,50
24,evaluated,2022-01-21 18:37:50.042593,2000,ambience,footsteps,99,0,0,1,50
25,evaluated,2022-01-21 18:37:53.591144,2000,ambience,footsteps,90,5,0,1,50
26,evaluated,2022-01-21 18:37:57.111033,2000,ambience,footsteps,98,1,0,1,50
27,evaluated,2022-01-21 18:38:00.787111,2000,ambience,footsteps,94,5,0,1,50
28,evaluated,2022-01-21 18:38:04.585091,2000,ambience,footsteps,92,7,0,1,50
29,evaluated,2022-01-21 18:38:06.807336,2000,footsteps,ambience,63,32,1,0,50
30,evaluated,2022-01-21 18:38:57.041876,2000,ambience,music,98,1,0,3,50
31,deleted,2022-01-21 18:42:35.661005,2000,ambience,music,88,9,0,3,50
32,evaluated,2022-01-21 18:48:23.481229,2000,ambience,footsteps,99,0,0,1,50
33,evaluated,2022-01-21 18:48:27.053497,2000,ambience,footsteps,95,4,0,1,50
34,evaluated,2022-01-21 18:50:44.088841,2000,ambience,music,88,10,0,3,50
35,evaluated,2022-01-21 18:50:48.588946,2000,ambience,footsteps,99,0,0,1,50
36,evaluated,2022-02-07 10:52:01.096681,2000,ambience,music,62,36,0,3,50
37,evaluated,2022-02-07 10:52:06.146340,2000,ambience,footsteps,99,0,0,1,50
38,evaluated,2022-02-07 10:52:23.539299,2000,footsteps,ambience,60,39,1,0,50
39,evaluated,2022-02-12 10:44:11.767680,2000,footsteps,ambience,73,26,1,0,50
40,evaluated,2022-02-12 10:44:14.291475,2000,ambience,footsteps,83,16,0,1,50
41,evaluated,2022-02-12 10:44:15.539169,2000,ambience,music,78,16,0,3,50
42,evaluated,2022-02-12 10:44:17.189065,2000,footsteps,ambience,58,41,1,0,50
43,evaluated,2022-02-12 10:44:19.587633,2000,music,ambience,55,41,3,0,50
44,evaluated,2022-02-12 10:44:29.505191,2000,ambience,footsteps,94,4,0,1,50
45,evaluated,2022-02-12 10:44:39.652430,2000,ambience,footsteps,67,17,0,1,50
46,evaluated,2022-02-12 10:44:42.502813,2000,horn,shout,59,32,2,4,50
47,deleted,2022-02-12 10:44:46.653030,2000,horn,music,45,25,2,3,50
48,evaluated,2022-02-12 10:44:52.402282,2000,ambience,horn,50,39,0,2,50
49,deleted,2022-02-12 10:45:00.344404,2000,ambience,music,45,30,0,3,50
50,evaluated,2022-02-12 10:45:33.379990,2000,music,shout,99,0,3,4,50
51,evaluated,2022-02-12 10:45:35.977215,2000,music,shout,99,0,3,4,50
52,evaluated,2022-02-12 10:46:07.615489,2000,music,horn,92,6,3,2,50
53,evaluated,2022-02-12 10:46:11.188500,2000,music,horn,89,10,3,2,50
54,evaluated,2022-02-12 10:46:14.585094,2000,music,shout,99,0,3,4,50
55,evaluated,2022-02-12 10:46:17.384824,2000,music,horn,94,4,3,2,50
56,evaluated,2022-02-12 10:46:19.107929,2000,music,horn,98,0,3,2,50
57,evaluated,2022-02-12 10:46:20.757069,2000,music,horn,96,1,3,2,50
58,evaluated,2022-02-12 10:46:27.006949,2000,music,shout,54,21,3,4,50
59,evaluated,2022-02-12 10:46:30.779251,2000,music,horn,51,48,3,2,50
60,evaluated,2022-02-12 10:46:32.877929,2000,music,shout,98,1,3,4,50
61,evaluated,2022-02-12 10:46:35.226908,2000,music,shout,99,0,3,4,50
62,evaluated,2022-02-12 10:46:52.393622,2000,music,shout,99,0,3,4,50
63,evaluated,2022-02-12 10:46:55.318038,2000,music,ambience,91,7,3,0,50
64,evaluated,2022-02-12 10:46:57.517141,2000,music,shout,99,0,3,4,50
65,evaluated,2022-02-12 10:46:59.439747,2000,music,shout,99,0,3,4,50
66,evaluated,2022-02-12 10:47:05.764368,2000,music,shout,83,14,3,4,50
67,evaluated,2022-02-12 10:47:08.633637,2000,music,shout,74,18,3,4,50
68,evaluated,2022-02-12 10:47:09.685082,2000,ambience,footsteps,66,22,0,1,50
69,deleted,2022-02-12 10:47:33.501935,2000,music,horn,48,45,3,2,50
70,evaluated,2022-02-12 10:47:34.749405,2000,music,ambience,57,33,3,0,50
71,evaluated,2022-02-12 10:47:38.273974,2000,shout,music,70,22,4,3,50
72,evaluated,2022-02-12 10:47:41.747804,2000,shout,music,76,14,4,3,50
73,evaluated,2022-02-12 10:47:58.314689,2000,footsteps,ambience,98,1,1,0,50
74,evaluated,2022-02-12 10:48:00.513111,2000,music,ambience,64,29,3,0,50
75,evaluated,2022-02-12 10:48:01.886269,2000,shout,ambience,72,14,4,0,50
76,evaluated,2022-02-12 10:48:04.284364,2000,ambience,horn,56,32,0,2,50
77,evaluated,2022-02-12 10:48:05.410420,2000,footsteps,ambience,63,34,1,0,50
78,evaluated,2022-02-12 10:48:11.256922,2000,ambience,footsteps,53,37,0,1,50
79,evaluated,2022-02-12 10:48:12.781813,2000,horn,music,90,8,2,3,50
80,evaluated,2022-02-12 10:48:14.229442,2000,music,horn,50,39,3,2,50
81,evaluated,2022-02-12 10:48:15.928018,2000,music,horn,79,19,3,2,50
82,evaluated,2022-02-12 10:48:19.605905,2000,music,horn,62,36,3,2,50
83,evaluated,2022-02-12 10:48:21.903527,2000,music,horn,62,32,3,2,50
84,evaluated,2022-02-12 10:48:23.999100,2000,ambience,music,65,28,0,3,50
85,evaluated,2022-02-12 10:48:38.596394,2000,horn,shout,78,17,2,4,50
86,deleted,2022-02-12 10:48:42.146008,2000,shout,horn,36,32,4,2,50
87,evaluated,2022-02-12 10:48:45.442804,2000,shout,horn,93,6,4,2,50
88,evaluated,2022-02-12 10:49:15.653416,2000,music,horn,86,12,3,2,50
89,evaluated,2022-02-12 10:49:21.500991,2000,horn,ambience,99,0,2,0,50
90,evaluated,2022-02-12 10:49:26.572839,2000,ambience,shout,69,19,0,4,50
91,evaluated,2022-02-12 10:49:28.396455,2000,ambience,footsteps,77,15,0,1,50
92,evaluated,2022-02-12 10:49:31.246662,2000,shout,ambience,60,35,4,0,50
93,evaluated,2022-02-12 10:49:33.545268,2000,shout,ambience,90,8,4,0,50
94,evaluated,2022-02-12 10:49:36.244931,2000,shout,ambience,98,1,4,0,50
95,evaluated,2022-02-12 10:49:40.017944,2000,shout,ambience,95,2,4,0,50
96,evaluated,2022-02-12 10:49:43.692480,2000,ambience,shout,61,19,0,4,50
97,evaluated,2022-02-12 10:49:45.763892,2000,ambience,music,78,12,0,3,50
98,evaluated,2022-02-12 10:49:50.714543,2000,shout,ambience,69,17,4,0,50
99,deleted,2022-02-12 10:49:54.236669,2000,horn,shout,42,35,2,4,50
100,deleted,2022-02-12 10:49:56.034554,2000,music,horn,36,25,3,2,50
101,evaluated,2022-02-12 10:50:01.533864,2000,shout,ambience,96,3,4,0,50
102,evaluated,2022-02-12 10:50:05.082228,2000,shout,horn,95,2,4,2,50
103,evaluated,2022-02-12 10:50:08.881499,2000,shout,horn,89,9,4,2,50
104,evaluated,2022-02-12 10:50:12.401269,2000,shout,horn,99,0,4,2,50
105,evaluated,2022-02-12 10:50:15.577096,2000,shout,music,99,0,4,3,50
106,deleted,2022-02-12 10:50:24.522988,2000,music,shout,97,1,3,4,50
107,evaluated,2022-02-12 10:50:28.569310,2000,shout,music,75,23,4,3,50
108,evaluated,2022-02-12 10:50:32.893635,2000,music,shout,98,0,3,4,50
109,evaluated,2022-02-12 10:50:37.717059,2000,shout,ambience,98,1,4,0,50
110,evaluated,2022-02-12 10:50:40.790547,2000,shout,music,99,0,4,3,50
111,evaluated,2022-02-12 10:50:46.839647,2000,ambience,shout,60,32,0,4,50
112,evaluated,2022-02-12 10:50:50.886379,2000,shout,ambience,96,3,4,0,50
113,deleted,2022-02-12 10:50:56.058839,2000,ambience,music,46,30,0,3,50
114,evaluated,2022-02-12 10:51:00.183096,2000,footsteps,ambience,60,23,1,0,50
115,evaluated,2022-02-12 10:51:05.430849,2000,shout,music,95,3,4,3,50
116,evaluated,2022-02-12 10:51:10.902956,2000,ambience,shout,68,25,0,4,50
117,evaluated,2022-02-12 10:51:18.699467,2000,ambience,music,77,13,0,3,50
118,evaluated,2022-02-12 10:51:21.621783,2000,music,horn,55,39,3,2,50
119,evaluated,2022-02-12 10:51:25.571473,2000,horn,ambience,77,15,2,0,50
120,evaluated,2022-02-12 10:51:28.319626,2000,horn,ambience,77,15,2,0,50
121,evaluated,2022-02-12 10:51:36.591405,2000,shout,ambience,97,1,4,0,50
122,evaluated,2022-02-12 10:51:37.864328,2000,music,ambience,56,15,3,0,50
123,evaluated,2022-02-12 10:51:46.784597,2000,horn,shout,61,24,2,4,50
124,evaluated,2022-02-12 10:51:49.133308,2000,ambience,horn,54,40,0,2,50
125,evaluated,2022-02-12 10:51:58.206931,2000,music,horn,86,8,3,2,50
126,evaluated,2022-02-12 10:52:00.753257,2000,music,horn,93,3,3,2,50
127,deleted,2022-02-12 10:52:06.349830,2000,horn,ambience,44,35,2,0,50
128,evaluated,2022-02-12 10:52:10.801196,2000,horn,shout,65,33,2,4,50
129,deleted,2022-02-12 10:52:17.919113,2000,horn,ambience,47,42,2,0,50
130,evaluated,2022-02-12 10:52:24.448354,2000,horn,ambience,85,12,2,0,50
131,evaluated,2022-02-12 10:52:29.691294,2000,ambience,horn,91,4,0,2,50
132,evaluated,2022-02-12 10:52:37.889583,2000,horn,music,75,23,2,3,50
133,evaluated,2022-02-12 10:52:41.487025,2000,horn,music,96,3,2,3,50
134,evaluated,2022-02-12 10:52:45.033100,2000,horn,music,99,0,2,3,50
135,evaluated,2022-02-12 10:52:48.557938,2000,ambience,horn,75,23,0,2,50
136,evaluated,2022-02-12 10:52:49.630162,2000,music,ambience,82,7,3,0,50
137,evaluated,2022-02-12 10:52:53.954797,2000,horn,shout,94,3,2,4,50
138,evaluated,2022-02-12 10:52:57.479138,2000,horn,footsteps,99,0,2,1,50
139,evaluated,2022-02-12 10:53:01.003373,2000,horn,music,96,2,2,3,50
140,evaluated,2022-02-12 10:53:04.601812,2000,horn,music,93,5,2,3,50
141,evaluated,2022-02-12 10:53:08.124846,2000,horn,ambience,73,24,2,0,50
142,evaluated,2022-02-12 10:53:10.873672,2000,horn,music,94,3,2,3,50
143,evaluated,2022-02-12 10:53:12.593043,2000,music,horn,67,17,3,2,50
144,evaluated,2022-02-12 10:53:13.892776,2000,music,ambience,97,2,3,0,50
145,evaluated,2022-02-12 10:53:15.266062,2000,ambience,music,78,19,0,3,50
146,evaluated,2022-02-12 10:53:18.895404,2000,horn,music,88,11,2,3,50
147,evaluated,2022-02-12 10:53:22.443462,2000,horn,music,98,1,2,3,50
148,evaluated,2022-02-12 10:53:26.542467,2000,horn,music,99,0,2,3,50
149,evaluated,2022-02-12 10:53:30.188443,2000,horn,ambience,63,27,2,0,50
150,evaluated,2022-02-12 10:53:33.983659,2000,horn,music,98,1,2,3,50
151,evaluated,2022-02-12 10:53:36.385247,2000,music,horn,88,7,3,2,50
152,evaluated,2022-02-12 10:53:38.833963,2000,horn,music,80,17,2,3,50
153,evaluated,2022-02-12 10:53:42.433449,2000,horn,music,94,5,2,3,50
154,evaluated,2022-02-12 10:53:46.081968,2000,horn,music,66,33,2,3,50
155,evaluated,2022-02-12 10:53:49.154672,2000,horn,music,87,10,2,3,50
156,evaluated,2022-02-12 10:53:52.829266,2000,horn,footsteps,99,0,2,1,50
157,evaluated,2022-02-12 10:53:56.452566,2000,horn,music,74,25,2,3,50
158,evaluated,2022-02-12 10:54:00.425472,2000,ambience,horn,93,3,0,2,50
159,evaluated,2022-02-12 10:54:03.973629,2000,horn,music,61,33,2,3,50
160,evaluated,2022-02-12 10:54:05.945978,2000,music,horn,57,40,3,2,50
161,evaluated,2022-02-12 10:54:09.723221,2000,horn,music,94,5,2,3,50
162,evaluated,2022-02-12 10:54:13.495258,2000,music,horn,53,44,3,2,50
163,evaluated,2022-02-12 10:54:14.817899,2000,music,ambience,89,8,3,0,50
164,evaluated,2022-02-12 10:54:16.189514,2000,music,ambience,77,12,3,0,50
165,evaluated,2022-02-12 10:54:19.867450,2000,horn,ambience,99,0,2,0,50
166,evaluated,2022-02-12 10:54:23.389706,2000,horn,music,86,13,2,3,50
167,evaluated,2022-02-12 10:54:24.661130,2000,ambience,music,60,37,0,3,50
168,evaluated,2022-02-12 10:54:28.363550,2000,horn,ambience,99,0,2,0,50
169,evaluated,2022-02-12 10:54:29.559690,2000,music,ambience,84,8,3,0,50
170,evaluated,2022-02-12 10:54:33.238093,2000,horn,music,91,8,2,3,50
171,evaluated,2022-02-12 10:54:36.783263,2000,music,horn,96,2,3,2,50
172,evaluated,2022-02-12 10:54:38.382504,2000,music,shout,99,0,3,4,50
173,evaluated,2022-02-12 10:54:41.031981,2000,music,horn,88,7,3,2,50
174,evaluated,2022-02-12 10:54:44.730872,2000,horn,music,89,10,2,3,50
175,evaluated,2022-02-12 10:54:47.629363,2000,horn,music,94,4,2,3,50
176,evaluated,2022-02-12 10:54:51.377911,2000,horn,music,92,7,2,3,50
177,evaluated,2022-02-12 10:54:54.950908,2000,horn,music,92,6,2,3,50
178,evaluated,2022-02-12 10:54:58.474915,2000,horn,music,97,1,2,3,50
179,evaluated,2022-02-12 10:55:03.447663,2000,horn,music,99,0,2,3,50
180,evaluated,2022-02-12 10:55:05.095704,2000,music,horn,89,10,3,2,50
181,deleted,2022-02-12 10:55:06.368251,2000,footsteps,music,49,36,1,3,50
182,evaluated,2022-02-12 10:55:10.267781,2000,music,ambience,97,1,3,0,50
183,evaluated,2022-02-12 10:55:11.591638,2000,music,horn,99,0,3,2,50
184,evaluated,2022-02-12 10:55:15.564703,2000,music,shout,98,0,3,4,50
185,evaluated,2022-02-12 10:55:16.813442,2000,music,ambience,99,0,3,0,50
186,evaluated,2022-02-12 10:55:19.438609,2000,music,shout,92,3,3,4,50
187,evaluated,2022-02-12 10:55:29.284785,2000,ambience,footsteps,73,21,0,1,50
188,evaluated,2022-02-12 10:55:31.758983,2000,footsteps,ambience,97,2,1,0,50
189,evaluated,2022-02-12 10:55:33.132899,2000,footsteps,ambience,68,17,1,0,50
190,deleted,2022-02-12 10:55:37.005594,2000,music,horn,33,32,3,2,50
191,evaluated,2022-02-12 10:55:39.330323,2000,music,horn,66,23,3,2,50
192,evaluated,2022-02-12 10:55:41.227568,2000,music,shout,98,1,3,4,50
193,evaluated,2022-02-12 10:55:43.027259,2000,music,horn,98,0,3,2,50
194,evaluated,2022-02-12 10:55:46.828206,2000,music,ambience,98,0,3,0,50
195,evaluated,2022-02-12 10:55:49.750610,2000,ambience,music,76,16,0,3,50
196,evaluated,2022-02-12 10:55:51.399307,2000,music,shout,99,0,3,4,50
197,evaluated,2022-02-12 10:55:55.369369,2000,music,shout,99,0,3,4,50
198,evaluated,2022-02-12 10:55:59.846566,2000,music,ambience,69,23,3,0,50
199,evaluated,2022-02-12 10:56:03.166720,2000,ambience,footsteps,88,7,0,1,50
200,evaluated,2022-02-12 10:56:05.518558,2000,music,ambience,88,11,3,0,50
201,evaluated,2022-02-12 10:56:08.890948,2000,music,shout,99,0,3,4,50
202,evaluated,2022-02-12 10:56:22.911639,2000,footsteps,shout,99,0,1,4,50
203,evaluated,2022-02-12 10:56:27.085171,2000,footsteps,music,94,4,1,3,50
204,evaluated,2022-02-12 10:56:30.633526,2000,footsteps,music,89,8,1,3,50
205,evaluated,2022-02-12 10:56:32.730578,2000,music,horn,94,4,3,2,50
206,evaluated,2022-02-12 10:56:36.330949,2000,footsteps,ambience,99,0,1,0,50
207,evaluated,2022-02-12 10:56:39.903821,2000,music,horn,83,10,3,2,50
208,evaluated,2022-02-12 10:56:43.901097,2000,footsteps,shout,99,0,1,4,50
209,evaluated,2022-02-12 10:56:47.425956,2000,footsteps,music,98,1,1,3,50
210,evaluated,2022-02-12 10:56:48.472531,2000,music,horn,92,6,3,2,50
211,evaluated,2022-02-12 10:56:49.797158,2000,music,horn,99,0,3,2,50
212,evaluated,2022-02-12 10:57:00.568916,2000,horn,ambience,51,32,2,0,50
213,evaluated,2022-02-12 10:57:04.117404,2000,music,horn,96,3,3,2,50
214,evaluated,2022-02-12 10:57:07.666310,2000,music,shout,66,22,3,4,50
215,evaluated,2022-02-12 10:57:11.214336,2000,horn,shout,86,13,2,4,50
216,deleted,2022-02-12 10:57:27.329279,2000,horn,music,47,44,2,3,50
217,evaluated,2022-02-12 10:57:31.179840,2000,music,horn,92,3,3,2,50
218,evaluated,2022-02-12 10:57:34.753323,2000,ambience,music,64,24,0,3,50
219,evaluated,2022-02-12 10:57:38.276301,2000,music,horn,76,14,3,2,50
220,evaluated,2022-02-12 10:57:41.825120,2000,music,shout,98,1,3,4,50
221,evaluated,2022-02-12 10:57:45.748383,2000,music,horn,92,6,3,2,50
222,evaluated,2022-02-12 10:57:49.397330,2000,music,horn,64,27,3,2,50
223,evaluated,2022-02-12 10:57:53.394355,2000,music,horn,64,13,3,2,50
224,evaluated,2022-02-12 10:57:57.139843,2000,music,horn,74,23,3,2,50
225,deleted,2022-02-12 10:58:01.141956,2000,horn,music,49,26,2,3,50
226,evaluated,2022-02-12 10:58:04.864995,2000,music,horn,91,7,3,2,50
227,evaluated,2022-02-12 10:58:06.988322,2000,shout,music,50,24,4,3,50
228,evaluated,2022-02-12 10:58:08.511144,2000,music,horn,95,3,3,2,50
229,evaluated,2022-02-12 10:58:10.161502,2000,music,horn,96,1,3,2,50
230,deleted,2022-02-12 10:58:15.459891,2000,horn,music,33,33,2,3,50
231,deleted,2022-02-12 10:58:19.233254,2000,horn,music,35,29,2,3,50
232,evaluated,2022-02-12 10:58:21.930833,2000,music,horn,51,28,3,2,50
233,evaluated,2022-02-12 10:58:25.454558,2000,music,horn,80,12,3,2,50
234,evaluated,2022-02-12 10:58:30.278353,2000,horn,music,66,32,2,3,50
235,evaluated,2022-02-12 10:58:33.802227,2000,music,horn,85,13,3,2,50
236,evaluated,2022-02-12 10:58:37.448967,2000,horn,music,64,31,2,3,50
237,evaluated,2022-02-12 10:58:41.222922,2000,horn,shout,60,21,2,4,50
238,evaluated,2022-02-12 10:58:43.696010,2000,music,shout,98,1,3,4,50
239,evaluated,2022-02-12 10:58:46.844685,2000,music,ambience,85,10,3,0,50
240,evaluated,2022-02-12 10:58:51.394641,2000,footsteps,music,99,0,1,3,50
241,evaluated,2022-02-12 10:58:53.091412,2000,music,horn,98,0,3,2,50
242,evaluated,2022-02-12 10:58:55.190952,2000,music,ambience,99,0,3,0,50
243,evaluated,2022-02-12 10:58:58.741088,2000,footsteps,music,99,0,1,3,50
244,evaluated,2022-02-12 10:59:02.264327,2000,footsteps,ambience,99,0,1,0,50
245,evaluated,2022-02-12 10:59:05.812255,2000,footsteps,ambience,99,0,1,0,50
246,evaluated,2022-02-12 10:59:09.361388,2000,footsteps,ambience,96,3,1,0,50
247,evaluated,2022-02-12 10:59:13.080639,2000,footsteps,ambience,99,0,1,0,50
248,evaluated,2022-02-12 10:59:16.932497,2000,footsteps,shout,99,0,1,4,50
249,evaluated,2022-02-12 10:59:20.979081,2000,footsteps,shout,99,0,1,4,50
250,evaluated,2022-02-12 10:59:24.499543,2000,footsteps,music,82,17,1,3,50
251,evaluated,2022-02-12 10:59:28.150623,2000,footsteps,music,95,3,1,3,50
252,evaluated,2022-02-12 10:59:31.750881,2000,footsteps,ambience,85,8,1,0,50
253,evaluated,2022-02-12 10:59:35.547850,2000,footsteps,ambience,99,0,1,0,50
254,evaluated,2022-02-12 10:59:41.095817,2000,music,footsteps,84,12,3,1,50
255,evaluated,2022-02-12 10:59:45.194076,2000,music,shout,98,0,3,4,50
256,deleted,2022-02-12 10:59:48.767728,2000,ambience,music,48,46,0,3,50
257,evaluated,2022-02-12 10:59:52.566669,2000,footsteps,music,84,12,1,3,50
258,evaluated,2022-02-12 10:59:56.114521,2000,music,footsteps,57,20,3,1,50
259,evaluated,2022-02-12 10:59:59.635081,2000,footsteps,music,62,23,1,3,50
260,evaluated,2022-02-12 11:00:03.286809,2000,footsteps,shout,99,0,1,4,50
261,evaluated,2022-02-12 11:00:07.034249,2000,footsteps,music,89,7,1,3,50
262,evaluated,2022-02-12 11:00:10.656970,2000,music,footsteps,83,15,3,1,50
263,evaluated,2022-02-12 11:00:14.183515,2000,footsteps,music,50,27,1,3,50
264,evaluated,2022-02-12 11:00:17.779436,2000,music,ambience,55,25,3,0,50
265,evaluated,2022-02-12 11:00:21.502641,2000,ambience,music,68,24,0,3,50
266,deleted,2022-02-12 11:00:25.026062,2000,ambience,footsteps,48,28,0,1,50
267,evaluated,2022-02-12 11:00:28.574805,2000,footsteps,music,96,2,1,3,50
268,evaluated,2022-02-12 11:00:32.147294,2000,footsteps,shout,99,0,1,4,50
269,evaluated,2022-02-12 11:00:35.669669,2000,footsteps,music,99,0,1,3,50
270,evaluated,2022-02-12 11:00:39.319211,2000,footsteps,shout,99,0,1,4,50
271,evaluated,2022-02-12 11:00:40.418264,2000,music,shout,99,0,3,4,50
272,evaluated,2022-02-12 11:00:44.016667,2000,footsteps,ambience,86,7,1,0,50
273,evaluated,2022-02-12 11:00:48.965283,2000,footsteps,shout,99,0,1,4,50
274,deleted,2022-02-12 11:00:51.038141,2000,music,footsteps,47,29,3,1,50
275,evaluated,2022-02-12 11:00:57.086109,2000,music,ambience,83,16,3,0,50
276,evaluated,2022-02-12 11:02:32.239456,2000,footsteps,ambience,88,11,1,0,50
277,evaluated,2022-02-12 11:02:48.459556,2000,music,ambience,90,7,3,0,50
278,evaluated,2022-02-12 11:03:40.911776,2000,music,ambience,84,13,3,0,50
279,evaluated,2022-02-12 11:03:54.205377,2000,ambience,horn,96,2,0,2,50
280,evaluated,2022-02-12 11:03:59.783141,2000,ambience,footsteps,67,32,0,1,50
281,evaluated,2022-02-12 11:04:07.773239,2000,ambience,music,87,5,0,3,50
282,evaluated,2022-02-12 11:04:08.973426,2000,ambience,music,74,15,0,3,50
283,evaluated,2022-02-12 11:04:13.919892,2000,ambience,horn,94,3,0,2,50
284,evaluated,2022-02-12 11:04:15.219760,2000,ambience,music,70,23,0,3,50
285,evaluated,2022-02-12 11:04:18.069520,2000,music,ambience,69,28,3,0,50
286,evaluated,2022-02-12 11:04:19.992746,2000,ambience,horn,84,5,0,2,50
287,evaluated,2022-02-12 11:04:26.241824,2000,ambience,footsteps,50,50,0,1,50
288,evaluated,2022-02-12 11:04:29.338281,2000,ambience,music,91,5,0,3,50
289,evaluated,2022-02-12 11:04:32.586286,2000,ambience,music,59,14,0,3,50
290,evaluated,2022-02-12 11:04:34.234270,2000,music,ambience,92,4,3,0,50
291,evaluated,2022-02-12 11:04:36.709137,2000,ambience,horn,94,3,0,2,50
292,evaluated,2022-02-12 11:04:40.410167,2000,ambience,footsteps,96,1,0,1,50
293,evaluated,2022-02-12 11:04:43.607792,2000,ambience,music,61,26,0,3,50
294,evaluated,2022-02-12 11:04:48.029660,2000,music,ambience,80,12,3,0,50
295,evaluated,2022-02-12 11:04:50.378822,2000,ambience,music,55,43,0,3,50
296,evaluated,2022-02-12 11:04:51.628533,2000,music,footsteps,95,3,3,1,50
297,evaluated,2022-02-12 11:04:56.476607,2000,music,ambience,53,37,3,0,50
298,evaluated,2022-02-12 11:05:02.001040,2000,ambience,footsteps,99,0,0,1,50
299,evaluated,2022-02-12 11:05:08.094801,2000,music,ambience,95,3,3,0,50
300,evaluated,2022-02-12 11:05:13.293937,2000,ambience,footsteps,61,24,0,1,50
301,evaluated,2022-02-12 11:05:24.414882,2000,ambience,music,97,1,0,3,50
302,evaluated,2022-02-12 11:05:36.634634,2000,ambience,footsteps,95,4,0,1,50
303,evaluated,2022-02-12 11:05:44.653048,2000,ambience,music,81,14,0,3,50
304,evaluated,2022-02-12 11:05:47.853362,2000,ambience,music,72,25,0,3,50
305,evaluated,2022-02-12 11:06:38.205341,2000,music,ambience,59,34,3,0,50
306,evaluated,2022-02-12 11:06:48.025287,2000,ambience,music,95,3,0,3,50
307,evaluated,2022-02-12 11:06:50.025659,2000,ambience,music,99,0,0,3,50
308,evaluated,2022-02-12 11:06:52.448868,2000,ambience,music,80,18,0,3,50
309,evaluated,2022-02-12 11:07:07.745903,2000,ambience,music,57,42,0,3,50
310,evaluated,2022-02-12 11:07:35.105095,2000,music,ambience,87,8,3,0,50
311,evaluated,2022-02-12 11:07:43.476348,2000,music,ambience,80,16,3,0,50
312,evaluated,2022-02-12 11:07:47.950469,2000,music,ambience,97,1,3,0,50
313,evaluated,2022-02-12 11:07:51.898141,2000,ambience,music,50,21,0,3,50
314,evaluated,2022-02-12 11:07:55.742494,2000,music,ambience,78,20,3,0,50
315,evaluated,2022-02-12 11:07:58.443429,2000,music,shout,90,5,3,4,50
316,deleted,2022-02-12 11:08:01.969233,2000,shout,music,28,28,4,3,50
317,evaluated,2022-02-12 11:08:04.038025,2000,ambience,music,85,11,0,3,50
318,evaluated,2022-02-12 11:08:05.340700,2000,music,footsteps,99,0,3,1,50
319,evaluated,2022-02-12 11:08:06.964804,2000,music,ambience,98,1,3,0,50
320,evaluated,2022-02-12 11:08:09.739431,2000,ambience,music,75,18,0,3,50
321,evaluated,2022-02-12 11:08:11.537294,2000,music,ambience,55,40,3,0,50
322,evaluated,2022-02-12 11:08:14.162415,2000,music,ambience,77,17,3,0,50
323,evaluated,2022-02-12 11:08:21.082720,2000,music,ambience,76,18,3,0,50
324,evaluated,2022-02-12 11:08:23.408777,2000,ambience,music,60,35,0,3,50
325,evaluated,2022-02-12 11:08:25.455513,2000,ambience,music,58,37,0,3,50
326,evaluated,2022-02-12 11:08:31.054286,2000,footsteps,ambience,54,38,1,0,50
327,evaluated,2022-02-12 11:08:39.825080,2000,ambience,music,68,24,0,3,50
328,deleted,2022-02-12 11:08:43.249116,2000,horn,music,47,35,2,3,50
329,evaluated,2022-02-12 11:08:49.246383,2000,music,ambience,94,4,3,0,50
330,evaluated,2022-02-12 11:08:57.492255,2000,horn,ambience,86,8,2,0,50
331,evaluated,2022-02-12 11:09:01.266988,2000,ambience,footsteps,87,9,0,1,50
332,deleted,2022-02-12 11:09:06.438940,2000,music,ambience,44,29,3,0,50
333,evaluated,2022-02-12 11:09:07.584295,2000,music,ambience,82,14,3,0,50
334,evaluated,2022-02-12 11:09:09.786866,2000,music,ambience,83,10,3,0,50
335,evaluated,2022-02-12 11:09:12.132529,2000,ambience,music,92,4,0,3,50
336,evaluated,2022-02-12 11:09:15.835799,2000,ambience,footsteps,71,26,0,1,50
337,evaluated,2022-02-12 11:09:19.633336,2000,ambience,music,79,17,0,3,50
338,evaluated,2022-02-12 11:09:21.455676,2000,music,ambience,54,42,3,0,50
339,evaluated,2022-02-12 11:09:27.428442,2000,music,ambience,83,12,3,0,50
340,evaluated,2022-02-12 11:09:49.643224,2000,ambience,music,96,3,0,3,50
341,evaluated,2022-02-12 11:10:27.701256,2000,music,ambience,94,3,3,0,50
342,evaluated,2022-02-12 11:10:28.799546,2000,music,horn,99,0,3,2,50
343,evaluated,2022-02-12 11:10:39.219891,2000,music,horn,78,11,3,2,50
344,evaluated,2022-02-12 11:11:04.282104,2000,ambience,music,50,23,0,3,50
345,deleted,2022-02-12 11:11:08.309677,2000,ambience,horn,45,21,0,2,50
346,evaluated,2022-02-12 11:11:10.781351,2000,music,ambience,71,21,3,0,50
347,evaluated,2022-02-12 11:11:14.205326,2000,ambience,footsteps,88,10,0,1,50
348,evaluated,2022-02-12 11:11:21.501607,2000,ambience,horn,54,40,0,2,50
349,evaluated,2022-02-12 11:11:37.044697,2000,music,ambience,85,8,3,0,50
350,deleted,2022-02-12 11:11:40.666726,2000,music,ambience,47,39,3,0,50
351,evaluated,2022-02-12 11:11:57.761439,2000,music,ambience,85,13,3,0,50
352,evaluated,2022-02-12 11:12:04.183004,2000,ambience,horn,94,3,0,2,50
353,evaluated,2022-02-12 11:12:09.880031,2000,music,ambience,80,14,3,0,50
354,evaluated,2022-02-12 11:12:11.651177,2000,ambience,music,97,1,0,3,50
355,evaluated,2022-02-12 11:12:13.878646,2000,ambience,footsteps,66,15,0,1,50
356,deleted,2022-02-12 11:12:16.828441,2000,footsteps,ambience,49,43,1,0,50
357,evaluated,2022-02-12 11:12:18.826242,2000,music,ambience,95,1,3,0,50
358,evaluated,2022-02-12 11:12:25.175225,2000,ambience,footsteps,82,10,0,1,50
359,evaluated,2022-02-12 11:12:31.723166,2000,ambience,music,76,16,0,3,50
360,deleted,2022-02-12 11:12:48.363377,2000,ambience,music,41,25,0,3,50
361,evaluated,2022-02-12 11:12:52.659476,2000,music,ambience,81,12,3,0,50
362,evaluated,2022-02-12 11:12:56.184939,2000,footsteps,ambience,89,10,1,0,50
363,evaluated,2022-02-12 11:12:58.932625,2000,music,ambience,79,17,3,0,50
364,deleted,2022-02-12 11:13:00.806965,2000,music,ambience,48,37,3,0,50
365,evaluated,2022-02-12 11:13:02.230947,2000,music,horn,92,4,3,2,50
366,evaluated,2022-02-12 11:13:03.755782,2000,music,horn,69,24,3,2,50
367,evaluated,2022-02-12 11:13:08.078994,2000,ambience,footsteps,89,7,0,1,50
368,evaluated,2022-02-12 11:13:17.748697,2000,music,ambience,62,28,3,0,50
369,evaluated,2022-02-12 11:13:21.324725,2000,ambience,footsteps,85,13,0,1,50
370,evaluated,2022-02-12 11:13:40.540475,2000,ambience,footsteps,58,36,0,1,50
371,evaluated,2022-02-12 11:13:42.188595,2000,music,ambience,94,5,3,0,50
372,evaluated,2022-02-12 11:13:43.361125,2000,music,footsteps,99,0,3,1,50
373,evaluated,2022-02-12 11:13:45.433506,2000,music,ambience,97,1,3,0,50
374,evaluated,2022-02-12 11:13:48.033981,2000,music,ambience,98,1,3,0,50
375,evaluated,2022-02-12 11:13:50.434439,2000,music,ambience,99,0,3,0,50
376,evaluated,2022-02-12 11:13:54.279789,2000,ambience,footsteps,89,7,0,1,50
377,evaluated,2022-02-12 11:14:04.253669,2000,ambience,footsteps,81,14,0,1,50
378,evaluated,2022-02-12 11:14:07.227879,2000,ambience,footsteps,51,43,0,1,50
379,evaluated,2022-02-12 11:14:32.414036,2000,music,ambience,96,3,3,0,50
380,evaluated,2022-02-12 11:14:35.463637,2000,music,footsteps,87,8,3,1,50
381,evaluated,2022-02-12 11:14:36.638195,2000,music,shout,99,0,3,4,50
382,deleted,2022-02-12 11:14:49.531465,2000,ambience,music,47,41,0,3,50
383,evaluated,2022-02-12 11:15:18.145005,2000,footsteps,ambience,98,1,1,0,50
384,evaluated,2022-02-12 11:15:22.815616,2000,footsteps,ambience,68,31,1,0,50
385,evaluated,2022-02-12 11:15:27.265592,2000,ambience,footsteps,53,24,0,1,50
386,deleted,2022-02-12 11:15:29.589233,2000,music,ambience,49,32,3,0,50
387,evaluated,2022-02-12 11:15:52.177656,2000,footsteps,ambience,53,41,1,0,50
388,evaluated,2022-02-12 11:15:55.327082,2000,ambience,horn,96,2,0,2,50
389,evaluated,2022-02-12 11:16:52.951158,2000,music,horn,91,4,3,2,50
390,evaluated,2022-02-12 11:16:57.547869,2000,ambience,music,93,5,0,3,50
391,evaluated,2022-02-12 11:16:59.923152,2000,ambience,music,90,6,0,3,50
392,evaluated,2022-02-12 11:17:01.371493,2000,music,ambience,87,11,3,0,50
393,evaluated,2022-02-12 11:17:03.971384,2000,music,ambience,69,29,3,0,50
394,evaluated,2022-02-12 11:17:40.355334,2000,ambience,music,78,12,0,3,50
395,evaluated,2022-02-12 11:17:44.181445,2000,ambience,footsteps,67,27,0,1,50
396,evaluated,2022-02-12 11:17:45.802664,2000,ambience,horn,82,8,0,2,50
397,evaluated,2022-02-12 11:17:48.273181,2000,ambience,footsteps,81,12,0,1,50
398,deleted,2022-02-12 11:17:51.851823,2000,horn,ambience,39,29,2,0,50
399,evaluated,2022-02-12 11:17:53.997497,2000,ambience,footsteps,75,15,0,1,50
400,evaluated,2022-02-12 11:17:55.147663,2000,horn,ambience,60,20,2,0,50
401,evaluated,2022-02-12 11:17:57.097287,2000,ambience,horn,90,6,0,2,50
402,evaluated,2022-02-12 11:17:59.243423,2000,horn,ambience,61,35,2,0,50
403,evaluated,2022-02-12 11:18:02.219743,2000,horn,ambience,70,28,2,0,50
404,evaluated,2022-02-12 11:18:05.020754,2000,horn,ambience,71,25,2,0,50
405,evaluated,2022-02-12 11:18:07.143676,2000,horn,ambience,62,35,2,0,50
406,evaluated,2022-02-12 11:18:08.416349,2000,horn,ambience,76,19,2,0,50
407,deleted,2022-02-12 11:18:09.716385,2000,horn,ambience,41,30,2,0,50
408,deleted,2022-02-12 11:18:11.966894,2000,ambience,footsteps,39,30,0,1,50
409,evaluated,2022-02-12 11:18:14.740022,2000,ambience,horn,52,39,0,2,50
410,evaluated,2022-02-12 11:18:22.585780,2000,ambience,music,63,22,0,3,50
411,evaluated,2022-02-12 11:18:30.206604,2000,music,horn,76,19,3,2,50
412,evaluated,2022-02-12 11:18:32.233276,2000,ambience,music,67,28,0,3,50
413,evaluated,2022-02-12 11:18:38.806950,2000,ambience,music,99,0,0,3,50
414,evaluated,2022-02-12 11:19:09.114148,2000,horn,ambience,50,27,2,0,50
415,evaluated,2022-02-12 11:19:53.520891,2000,ambience,horn,95,2,0,2,50
416,evaluated,2022-02-12 11:26:27.891425,2000,ambience,music,90,6,0,3,50
417,evaluated,2022-02-12 11:27:23.715858,2000,ambience,music,70,14,0,3,50
418,evaluated,2022-02-12 11:28:15.567757,2000,horn,ambience,91,7,2,0,50
419,evaluated,2022-02-12 11:28:18.816217,2000,ambience,horn,95,3,0,2,50
420,evaluated,2022-02-12 11:28:55.049785,2000,ambience,horn,97,1,0,2,50
421,evaluated,2022-02-12 11:28:58.599897,2000,horn,ambience,70,25,2,0,50
422,evaluated,2022-02-12 11:29:02.122337,2000,ambience,footsteps,81,11,0,1,50
423,evaluated,2022-02-12 11:29:05.645917,2000,ambience,horn,86,10,0,2,50
424,evaluated,2022-02-12 11:29:09.191599,2000,horn,ambience,73,26,2,0,50
425,evaluated,2022-02-12 11:29:12.742406,2000,horn,ambience,51,30,2,0,50
426,evaluated,2022-02-12 11:29:16.312353,2000,horn,ambience,50,42,2,0,50
427,evaluated,2022-02-12 11:29:19.840235,2000,ambience,footsteps,90,5,0,1,50
428,evaluated,2022-02-12 11:29:21.936516,2000,ambience,horn,97,2,0,2,50
429,evaluated,2022-02-12 11:29:23.683557,2000,ambience,horn,66,33,0,2,50
430,evaluated,2022-02-12 11:29:25.757326,2000,ambience,horn,77,14,0,2,50
431,evaluated,2022-02-12 11:29:27.533817,2000,horn,ambience,60,37,2,0,50
432,deleted,2022-02-12 11:29:29.483688,2000,horn,ambience,48,45,2,0,50
433,evaluated,2022-02-12 11:29:33.383648,2000,ambience,horn,78,12,0,2,50
434,evaluated,2022-02-12 11:29:35.229699,2000,ambience,horn,62,36,0,2,50
435,evaluated,2022-02-12 11:29:37.178897,2000,ambience,horn,91,8,0,2,50
436,evaluated,2022-02-12 11:29:38.778809,2000,ambience,horn,80,17,0,2,50
437,evaluated,2022-02-12 11:29:45.151710,2000,ambience,horn,98,1,0,2,50
438,evaluated,2022-02-12 11:29:48.575030,2000,ambience,horn,55,36,0,2,50
439,evaluated,2022-02-12 11:29:50.897670,2000,horn,ambience,56,41,2,0,50
440,evaluated,2022-02-12 11:29:55.022432,2000,ambience,horn,52,46,0,2,50
441,evaluated,2022-02-12 11:29:57.346598,2000,horn,ambience,91,7,2,0,50
442,deleted,2022-02-12 11:30:00.995167,2000,footsteps,ambience,48,33,1,0,50
443,evaluated,2022-02-12 11:30:02.290001,2000,horn,music,83,11,2,3,50
444,evaluated,2022-02-12 11:30:08.264962,2000,horn,ambience,92,7,2,0,50
445,evaluated,2022-02-12 11:30:09.565829,2000,music,ambience,59,26,3,0,50
446,evaluated,2022-02-12 11:30:12.712387,2000,horn,ambience,90,8,2,0,50
447,evaluated,2022-02-12 11:30:16.086022,2000,horn,ambience,69,30,2,0,50
448,evaluated,2022-02-12 11:30:23.182372,2000,horn,ambience,62,32,2,0,50
449,evaluated,2022-02-12 11:30:25.981394,2000,horn,ambience,67,28,2,0,50
450,evaluated,2022-02-12 11:30:27.655003,2000,horn,ambience,96,3,2,0,50
451,evaluated,2022-02-12 11:30:30.406783,2000,ambience,horn,73,15,0,2,50
452,evaluated,2022-02-12 11:30:33.753848,2000,horn,ambience,79,19,2,0,50
453,evaluated,2022-02-12 11:30:36.053122,2000,horn,ambience,75,23,2,0,50
454,evaluated,2022-02-12 11:30:37.953429,2000,horn,ambience,67,24,2,0,50
455,evaluated,2022-02-12 11:30:40.602727,2000,ambience,horn,69,29,0,2,50
456,deleted,2022-02-12 11:30:46.452854,2000,horn,ambience,49,49,2,0,50
457,deleted,2022-02-12 11:30:50.095751,2000,horn,ambience,44,35,2,0,50
458,evaluated,2022-02-12 11:30:54.872220,2000,music,ambience,98,0,3,0,50
459,evaluated,2022-02-12 11:30:56.094246,2000,music,shout,99,0,3,4,50
460,evaluated,2022-02-12 11:31:02.188830,2000,horn,music,66,30,2,3,50
461,evaluated,2022-02-12 11:31:10.562373,2000,ambience,music,71,17,0,3,50
462,evaluated,2022-02-12 11:31:45.222021,2000,ambience,music,50,47,0,3,50
463,evaluated,2022-02-12 11:32:06.309892,2000,ambience,music,72,21,0,3,50
464,evaluated,2022-02-12 11:32:08.011588,2000,music,ambience,88,10,3,0,50
465,evaluated,2022-02-12 11:32:16.782855,2000,footsteps,ambience,94,5,1,0,50
466,evaluated,2022-02-12 11:32:21.982026,2000,footsteps,ambience,94,5,1,0,50
467,evaluated,2022-02-12 11:32:25.127189,2000,footsteps,ambience,86,13,1,0,50
468,evaluated,2022-02-12 11:32:26.677364,2000,ambience,music,96,2,0,3,50
469,evaluated,2022-02-12 11:32:56.689481,2000,ambience,music,72,27,0,3,50
470,evaluated,2022-02-12 11:33:02.337660,2000,ambience,music,70,12,0,3,50
471,evaluated,2022-02-12 11:33:06.486803,2000,ambience,footsteps,81,14,0,1,50
472,evaluated,2022-02-12 11:33:08.331071,2000,ambience,music,60,39,0,3,50
473,evaluated,2022-02-12 11:33:10.583117,2000,music,ambience,76,14,3,0,50
474,evaluated,2022-02-12 11:33:11.757630,2000,music,horn,99,0,3,2,50
475,evaluated,2022-02-12 11:33:13.630793,2000,music,ambience,71,25,3,0,50
476,evaluated,2022-02-12 11:33:19.156025,2000,ambience,music,96,1,0,3,50
477,evaluated,2022-02-12 11:33:23.102297,2000,ambience,music,68,24,0,3,50
478,evaluated,2022-02-12 11:33:27.225706,2000,ambience,music,99,0,0,3,50
479,evaluated,2022-02-12 11:34:49.838602,2000,music,horn,76,15,3,2,50
480,evaluated,2022-02-12 11:34:51.385790,2000,music,ambience,55,34,3,0,50
481,evaluated,2022-02-12 11:34:57.388544,2000,ambience,music,76,21,0,3,50
482,evaluated,2022-02-12 11:35:00.182747,2000,ambience,music,97,1,0,3,50
483,evaluated,2022-02-12 11:35:11.477577,2000,ambience,music,69,29,0,3,50
484,evaluated,2022-02-12 11:35:22.346852,2000,music,ambience,53,44,3,0,50
485,evaluated,2022-02-12 11:36:02.228664,2000,ambience,footsteps,69,26,0,1,50
486,evaluated,2022-02-12 11:36:07.426860,2000,ambience,music,80,18,0,3,50
487,evaluated,2022-02-12 11:36:15.771504,2000,footsteps,ambience,98,1,1,0,50
488,evaluated,2022-02-12 11:36:19.300959,2000,footsteps,ambience,70,28,1,0,50
489,evaluated,2022-02-12 11:36:20.945934,2000,music,ambience,94,3,3,0,50
490,evaluated,2022-02-12 11:36:22.146186,2000,ambience,music,51,46,0,3,50
491,evaluated,2022-02-12 11:36:28.095302,2000,footsteps,ambience,82,17,1,0,50
492,evaluated,2022-02-12 11:36:32.568728,2000,footsteps,ambience,92,7,1,0,50
493,evaluated,2022-02-12 11:36:36.811623,2000,music,ambience,91,8,3,0,50
494,evaluated,2022-02-12 11:36:39.462632,2000,music,ambience,66,30,3,0,50
495,evaluated,2022-02-12 11:36:41.637892,2000,ambience,footsteps,53,28,0,1,50
496,evaluated,2022-02-12 11:36:42.712192,2000,music,ambience,85,14,3,0,50
497,deleted,2022-02-12 11:36:45.086154,2000,ambience,music,48,32,0,3,50
498,evaluated,2022-02-12 11:36:48.233836,2000,music,ambience,64,35,3,0,50
499,deleted,2022-02-12 11:36:51.108866,2000,ambience,music,48,46,0,3,50
500,evaluated,2022-02-12 11:36:56.432247,2000,footsteps,ambience,97,2,1,0,50
501,evaluated,2022-02-12 11:36:57.705326,2000,music,footsteps,99,0,3,1,50
502,evaluated,2022-02-12 11:36:59.454613,2000,music,ambience,60,34,3,0,50
503,evaluated,2022-02-12 11:37:03.153851,2000,ambience,footsteps,83,12,0,1,50
504,evaluated,2022-02-12 11:37:05.001122,2000,ambience,music,78,19,0,3,50
505,evaluated,2022-02-12 11:37:06.673401,2000,ambience,footsteps,55,21,0,1,50
506,evaluated,2022-02-12 11:37:10.701559,2000,footsteps,ambience,86,13,1,0,50
507,evaluated,2022-02-12 11:37:13.473277,2000,music,ambience,93,5,3,0,50
508,evaluated,2022-02-12 11:37:19.171831,2000,footsteps,ambience,94,4,1,0,50
509,evaluated,2022-02-12 11:37:20.870889,2000,ambience,music,94,4,0,3,50
510,deleted,2022-02-12 11:37:32.089715,2000,ambience,footsteps,48,35,0,1,50
511,evaluated,2022-02-12 11:37:36.213936,2000,footsteps,ambience,92,7,1,0,50
512,evaluated,2022-02-12 11:37:37.537277,2000,music,ambience,67,30,3,0,50
513,evaluated,2022-02-12 11:37:42.861337,2000,footsteps,ambience,85,14,1,0,50
514,evaluated,2022-02-12 11:37:44.408182,2000,music,ambience,95,3,3,0,50
515,evaluated,2022-02-12 11:37:49.583672,2000,footsteps,ambience,91,8,1,0,50
516,evaluated,2022-02-12 11:37:53.280528,2000,footsteps,ambience,80,18,1,0,50
517,evaluated,2022-02-12 11:37:54.661387,2000,music,ambience,77,21,3,0,50
518,evaluated,2022-02-12 11:37:55.877348,2000,music,ambience,81,17,3,0,50
519,evaluated,2022-02-12 11:37:57.776940,2000,music,ambience,73,23,3,0,50
520,evaluated,2022-02-12 11:38:01.303006,2000,footsteps,ambience,63,34,1,0,50
521,evaluated,2022-02-12 11:38:03.625578,2000,music,ambience,87,6,3,0,50
522,evaluated,2022-02-12 11:38:05.348564,2000,ambience,music,93,5,0,3,50
523,evaluated,2022-02-12 11:38:12.497932,2000,footsteps,ambience,89,10,1,0,50
524,evaluated,2022-02-12 11:38:14.469774,2000,music,footsteps,99,0,3,1,50
525,evaluated,2022-02-12 11:38:18.267670,2000,footsteps,ambience,76,23,1,0,50
526,evaluated,2022-02-12 11:38:21.792938,2000,footsteps,ambience,97,2,1,0,50
527,evaluated,2022-02-12 11:38:22.864546,2000,music,ambience,87,12,3,0,50
528,evaluated,2022-02-12 11:38:38.359148,2000,ambience,music,95,3,0,3,50
529,evaluated,2022-02-12 11:38:43.257207,2000,footsteps,ambience,98,1,1,0,50
530,evaluated,2022-02-12 11:38:47.056379,2000,footsteps,ambience,91,7,1,0,50
531,evaluated,2022-02-12 11:38:48.430095,2000,ambience,music,74,23,0,3,50
532,evaluated,2022-02-12 11:38:50.478601,2000,music,shout,99,0,3,4,50
533,evaluated,2022-02-12 11:38:52.354270,2000,music,ambience,85,12,3,0,50
534,evaluated,2022-02-12 11:38:54.426612,2000,ambience,music,60,21,0,3,50
535,evaluated,2022-02-12 11:38:56.649839,2000,ambience,music,80,17,0,3,50
536,evaluated,2022-02-12 11:38:58.299839,2000,ambience,music,54,42,0,3,50
537,evaluated,2022-02-12 11:38:59.850231,2000,music,ambience,77,13,3,0,50
538,evaluated,2022-02-12 11:39:02.974276,2000,ambience,footsteps,60,37,0,1,50
539,evaluated,2022-02-12 11:39:05.221388,2000,ambience,footsteps,90,8,0,1,50
540,evaluated,2022-02-12 11:39:10.119477,2000,ambience,music,50,37,0,3,50
541,evaluated,2022-02-12 11:39:12.618148,2000,ambience,music,98,1,0,3,50
542,deleted,2022-02-12 11:39:15.517176,2000,music,ambience,41,39,3,0,50
543,evaluated,2022-02-12 11:39:18.688145,2000,ambience,footsteps,54,40,0,1,50
544,evaluated,2022-02-12 11:39:23.814996,2000,ambience,footsteps,75,23,0,1,50
545,evaluated,2022-02-12 11:39:28.985722,2000,music,ambience,95,2,3,0,50
546,evaluated,2022-02-12 11:39:30.109730,2000,music,footsteps,99,0,3,1,50
547,evaluated,2022-02-12 11:39:31.635166,2000,music,footsteps,96,1,3,1,50
548,evaluated,2022-02-12 11:39:35.535158,2000,footsteps,ambience,73,25,1,0,50
549,evaluated,2022-02-12 11:39:39.858115,2000,footsteps,ambience,99,0,1,0,50
550,evaluated,2022-02-12 11:39:43.405153,2000,footsteps,ambience,56,41,1,0,50
551,evaluated,2022-02-12 11:39:49.824629,2000,footsteps,ambience,96,3,1,0,50
552,evaluated,2022-02-12 11:39:53.077483,2000,ambience,footsteps,79,19,0,1,50
553,evaluated,2022-02-12 11:39:56.700213,2000,footsteps,ambience,91,8,1,0,50
554,evaluated,2022-02-12 11:40:00.497534,2000,ambience,footsteps,55,32,0,1,50
555,evaluated,2022-02-12 11:40:02.243916,2000,music,ambience,87,6,3,0,50
556,evaluated,2022-02-12 11:40:04.669834,2000,footsteps,ambience,69,26,1,0,50
557,evaluated,2022-02-12 11:40:39.607672,2000,ambience,music,98,1,0,3,50
558,evaluated,2022-02-12 11:40:49.251594,2000,ambience,footsteps,60,39,0,1,50
559,evaluated,2022-02-12 11:40:55.171353,2000,ambience,music,84,12,0,3,50
560,evaluated,2022-02-12 11:40:58.820481,2000,ambience,music,96,3,0,3,50
561,evaluated,2022-02-12 11:41:15.737932,2000,ambience,music,84,14,0,3,50
562,evaluated,2022-02-12 11:41:18.712935,2000,footsteps,ambience,87,12,1,0,50
563,deleted,2022-02-12 11:41:21.337042,2000,ambience,music,48,32,0,3,50
564,evaluated,2022-02-12 11:41:23.035264,2000,ambience,footsteps,86,12,0,1,50
565,evaluated,2022-02-12 11:41:26.033223,2000,ambience,footsteps,73,17,0,1,50
566,evaluated,2022-02-12 11:41:28.032194,2000,ambience,footsteps,91,3,0,1,50
567,evaluated,2022-02-12 11:41:30.532712,2000,ambience,footsteps,89,8,0,1,50
568,evaluated,2022-02-12 11:41:32.380711,2000,footsteps,ambience,58,26,1,0,50
569,evaluated,2022-02-12 11:41:33.528494,2000,music,ambience,99,0,3,0,50
570,evaluated,2022-02-12 11:41:36.129186,2000,ambience,footsteps,58,41,0,1,50
571,evaluated,2022-02-12 11:41:37.552365,2000,music,ambience,92,7,3,0,50
572,evaluated,2022-02-12 11:41:42.128220,2000,footsteps,ambience,98,1,1,0,50
573,evaluated,2022-02-12 11:41:44.271921,2000,music,footsteps,92,4,3,1,50
574,evaluated,2022-02-12 11:41:50.621610,2000,ambience,music,73,26,0,3,50
575,evaluated,2022-02-12 11:41:53.595507,2000,music,ambience,75,22,3,0,50
576,evaluated,2022-02-12 11:41:57.918677,2000,music,ambience,73,18,3,0,50
577,evaluated,2022-02-12 11:42:05.489828,2000,music,ambience,55,43,3,0,50
578,evaluated,2022-02-12 11:42:06.738462,2000,music,ambience,96,2,3,0,50
579,evaluated,2022-02-12 11:42:12.911765,2000,music,ambience,75,25,3,0,50
580,evaluated,2022-02-12 11:42:16.008346,2000,ambience,footsteps,99,0,0,1,50
581,evaluated,2022-02-12 11:42:18.683680,2000,music,ambience,95,4,3,0,50
582,evaluated,2022-02-12 11:42:45.745999,2000,ambience,music,89,8,0,3,50
583,deleted,2022-02-12 11:42:56.943144,2000,ambience,music,43,35,0,3,50
584,evaluated,2022-02-12 11:43:00.792502,2000,footsteps,ambience,99,0,1,0,50
585,evaluated,2022-02-12 11:43:04.890377,2000,footsteps,ambience,91,6,1,0,50
586,evaluated,2022-02-12 11:43:06.562638,2000,ambience,music,96,2,0,3,50
587,evaluated,2022-02-12 11:43:16.457885,2000,music,ambience,67,32,3,0,50
588,evaluated,2022-02-12 11:43:22.056514,2000,ambience,footsteps,50,32,0,1,50
589,evaluated,2022-02-12 11:43:23.453853,2000,music,ambience,94,4,3,0,50
590,evaluated,2022-02-12 11:43:32.025825,2000,ambience,music,98,0,0,3,50
591,evaluated,2022-02-12 11:43:33.074130,2000,music,shout,99,0,3,4,50
592,evaluated,2022-02-12 11:43:36.425327,2000,ambience,footsteps,95,3,0,1,50
593,evaluated,2022-02-12 11:43:43.568353,2000,footsteps,ambience,95,4,1,0,50
594,evaluated,2022-02-12 11:43:46.270106,2000,footsteps,ambience,62,35,1,0,50
595,evaluated,2022-02-12 11:43:49.593330,2000,footsteps,ambience,96,3,1,0,50
596,evaluated,2022-02-12 11:44:00.089492,2000,ambience,footsteps,72,25,0,1,50
597,evaluated,2022-02-12 11:44:10.959441,2000,ambience,music,62,25,0,3,50
598,evaluated,2022-02-12 11:44:14.908944,2000,footsteps,ambience,78,21,1,0,50
599,evaluated,2022-02-12 11:44:18.477199,2000,ambience,footsteps,98,1,0,1,50
600,evaluated,2022-02-12 11:44:22.053921,2000,footsteps,ambience,67,32,1,0,50
601,evaluated,2022-02-12 11:44:25.904361,2000,footsteps,ambience,75,24,1,0,50
602,evaluated,2022-02-12 11:44:29.425602,2000,ambience,footsteps,72,27,0,1,50
603,evaluated,2022-02-12 11:44:33.625633,2000,ambience,music,97,1,0,3,50
604,evaluated,2022-02-12 11:44:37.572879,2000,ambience,music,91,6,0,3,50
605,evaluated,2022-02-12 11:44:41.394710,2000,ambience,music,69,28,0,3,50
606,deleted,2022-02-12 11:44:44.943304,2000,music,ambience,48,42,3,0,50
607,deleted,2022-02-12 11:44:47.941858,2000,ambience,music,44,44,0,3,50
608,evaluated,2022-02-12 11:44:55.213747,2000,ambience,footsteps,85,6,0,1,50
609,evaluated,2022-02-12 11:45:01.784599,2000,ambience,horn,99,0,0,2,50
610,evaluated,2022-02-12 11:45:03.907751,2000,ambience,footsteps,99,0,0,1,50
611,evaluated,2022-02-12 11:45:07.358642,2000,ambience,horn,99,0,0,2,50
612,evaluated,2022-02-12 11:45:10.106966,2000,ambience,music,80,18,0,3,50
613,evaluated,2022-02-12 11:45:14.978818,2000,music,ambience,69,30,3,0,50
614,evaluated,2022-02-12 11:45:18.449454,2000,ambience,music,98,1,0,3,50
615,evaluated,2022-02-12 11:46:14.502640,2000,ambience,music,80,15,0,3,50
616,evaluated,2022-02-12 11:46:46.462741,2000,ambience,music,97,2,0,3,50
617,evaluated,2022-02-12 11:46:48.035991,2000,ambience,music,78,20,0,3,50
618,evaluated,2022-02-12 11:46:53.208869,2000,ambience,music,89,10,0,3,50
619,evaluated,2022-02-12 11:47:03.231828,2000,ambience,music,99,0,0,3,50
620,evaluated,2022-02-12 11:47:05.755179,2000,ambience,music,96,3,0,3,50
621,evaluated,2022-02-12 11:48:01.330145,2000,music,ambience,64,35,3,0,50
622,evaluated,2022-02-12 11:48:52.330672,2000,ambience,music,99,0,0,3,50
623,evaluated,2022-02-12 11:48:54.227156,2000,ambience,music,98,1,0,3,50
624,evaluated,2022-02-12 11:48:57.604709,2000,ambience,footsteps,99,0,0,1,50
625,evaluated,2022-02-12 11:49:04.299733,2000,ambience,music,96,3,0,3,50
626,evaluated,2022-02-12 11:49:17.094059,2000,ambience,footsteps,99,0,0,1,50
627,evaluated,2022-02-12 11:49:18.942700,2000,ambience,music,99,0,0,3,50
628,evaluated,2022-02-12 11:49:20.515179,2000,ambience,music,94,5,0,3,50
629,evaluated,2022-02-12 11:49:23.218304,2000,ambience,footsteps,99,0,0,1,50
630,evaluated,2022-02-12 11:49:27.141685,2000,ambience,footsteps,99,0,0,1,50
631,evaluated,2022-02-12 11:49:28.412838,2000,ambience,music,82,17,0,3,50
632,evaluated,2022-02-12 11:49:34.538541,2000,ambience,footsteps,99,0,0,1,50
633,evaluated,2022-02-12 11:49:36.432848,2000,ambience,footsteps,99,0,0,1,50
634,evaluated,2022-02-12 11:49:38.084945,2000,ambience,music,99,0,0,3,50
635,evaluated,2022-02-12 11:49:39.958584,2000,ambience,music,99,0,0,3,50
636,evaluated,2022-02-12 11:50:00.475600,2000,music,ambience,82,17,3,0,50
637,evaluated,2022-02-12 11:50:13.093347,2000,ambience,footsteps,99,0,0,1,50
638,evaluated,2022-02-12 11:50:23.564334,2000,ambience,music,88,8,0,3,50
639,evaluated,2022-02-12 11:50:26.788446,2000,ambience,music,98,0,0,3,50
640,evaluated,2022-02-12 11:50:28.662100,2000,ambience,music,99,0,0,3,50
641,evaluated,2022-02-12 11:50:34.559686,2000,ambience,music,99,0,0,3,50
642,evaluated,2022-02-12 11:50:37.907998,2000,ambience,music,99,0,0,3,50
643,evaluated,2022-02-12 11:50:41.681269,2000,ambience,music,99,0,0,3,50
644,evaluated,2022-02-12 11:50:44.380589,2000,ambience,footsteps,99,0,0,1,50
645,evaluated,2022-02-12 11:50:49.857817,2000,ambience,music,80,19,0,3,50
646,evaluated,2022-02-12 11:50:58.951208,2000,ambience,footsteps,99,0,0,1,50
647,evaluated,2022-02-12 11:51:03.071584,2000,ambience,footsteps,99,0,0,1,50
648,evaluated,2022-02-12 11:51:05.469982,2000,ambience,music,80,19,0,3,50
649,evaluated,2022-02-12 11:51:13.318071,2000,ambience,music,99,0,0,3,50
650,evaluated,2022-02-12 11:51:15.889713,2000,ambience,music,97,2,0,3,50
651,evaluated,2022-02-12 11:51:19.288775,2000,music,ambience,88,11,3,0,50
652,evaluated,2022-02-12 11:51:51.873889,2000,music,ambience,88,11,3,0,50
653,evaluated,2022-02-12 11:52:00.270241,2000,ambience,music,97,2,0,3,50
654,evaluated,2022-02-12 11:52:08.090878,2000,ambience,music,90,9,0,3,50
655,evaluated,2022-02-12 11:52:16.163062,2000,ambience,music,97,2,0,3,50
656,evaluated,2022-02-12 11:52:22.884380,2000,music,ambience,57,42,3,0,50
657,evaluated,2022-02-12 11:52:27.507951,2000,ambience,music,99,0,0,3,50
658,evaluated,2022-02-12 11:52:31.106466,2000,ambience,footsteps,99,0,0,1,50
659,evaluated,2022-02-12 11:52:32.881505,2000,ambience,music,96,2,0,3,50
660,evaluated,2022-02-12 11:52:46.399148,2000,ambience,music,85,10,0,3,50
661,evaluated,2022-02-12 11:53:14.835410,2000,ambience,music,94,5,0,3,50
662,evaluated,2022-02-12 11:53:19.162632,2000,ambience,footsteps,99,0,0,1,50
663,evaluated,2022-02-12 11:53:20.984604,2000,ambience,music,99,0,0,3,50
664,evaluated,2022-02-12 11:53:22.407539,2000,ambience,music,98,1,0,3,50
665,evaluated,2022-02-12 11:53:26.283606,2000,ambience,music,99,0,0,3,50
666,evaluated,2022-02-12 11:53:29.305934,2000,ambience,music,95,4,0,3,50
667,evaluated,2022-02-12 11:53:31.752561,2000,ambience,music,92,6,0,3,50
668,evaluated,2022-02-12 11:53:40.099574,2000,ambience,music,53,46,0,3,50
669,evaluated,2022-02-12 11:53:42.225825,2000,ambience,music,98,1,0,3,50
670,evaluated,2022-02-12 11:53:44.049266,2000,ambience,music,96,3,0,3,50
671,evaluated,2022-02-12 11:53:53.817939,2000,ambience,footsteps,99,0,0,1,50
672,evaluated,2022-02-12 11:54:16.336268,2000,ambience,footsteps,99,0,0,1,50
673,evaluated,2022-02-12 11:54:18.532576,2000,ambience,music,98,1,0,3,50
674,evaluated,2022-02-12 11:54:19.908441,2000,ambience,music,95,4,0,3,50
675,evaluated,2022-02-12 11:54:29.753819,2000,ambience,footsteps,99,0,0,1,50
676,evaluated,2022-02-12 11:54:31.302376,2000,ambience,music,98,1,0,3,50
677,evaluated,2022-02-12 11:54:35.599482,2000,ambience,footsteps,99,0,0,1,50
678,evaluated,2022-02-12 11:54:37.850057,2000,ambience,music,98,1,0,3,50
679,evaluated,2022-02-12 11:55:05.612706,2000,ambience,music,99,0,0,3,50
680,evaluated,2022-02-12 11:55:14.608485,2000,ambience,footsteps,99,0,0,1,50
681,evaluated,2022-02-12 11:55:24.378661,2000,ambience,music,99,0,0,3,50
682,evaluated,2022-02-12 11:55:28.103128,2000,ambience,music,99,0,0,3,50
683,evaluated,2022-02-12 11:55:30.175154,2000,ambience,music,98,1,0,3,50
684,evaluated,2022-02-12 11:55:33.024496,2000,ambience,music,99,0,0,3,50
685,evaluated,2022-02-12 11:55:36.257176,2000,ambience,music,99,0,0,3,50
686,evaluated,2022-02-12 11:56:03.061037,2000,ambience,footsteps,99,0,0,1,50
687,evaluated,2022-02-12 11:56:04.634146,2000,ambience,music,67,32,0,3,50
688,evaluated,2022-02-12 11:56:11.530087,2000,music,ambience,71,28,3,0,50
689,evaluated,2022-02-12 11:56:16.106765,2000,ambience,footsteps,99,0,0,1,50
690,evaluated,2022-02-12 11:56:43.843078,2000,ambience,music,99,0,0,3,50
691,evaluated,2022-02-12 11:56:45.066043,2000,ambience,music,94,5,0,3,50
692,evaluated,2022-02-12 11:56:48.764440,2000,ambience,music,99,0,0,3,50
693,evaluated,2022-02-12 11:56:50.163383,2000,ambience,music,85,14,0,3,50
694,evaluated,2022-02-12 11:56:54.863608,2000,ambience,footsteps,98,1,0,1,50
695,evaluated,2022-02-12 11:56:56.410126,2000,music,ambience,87,6,3,0,50
696,evaluated,2022-02-12 11:57:11.654067,2000,ambience,music,65,33,0,3,50
